review_text,product_category,reviewer_name
"This product is absolutely amazing! The quality exceeded my expectations and delivery was super fast. Will definitely buy again!",Electronics,Alice M.
"Pretty good overall, works as described. Nothing extraordinary but gets the job done.",Books,Bob T.
"Terrible experience. The item arrived broken and customer service was completely unhelpful.",Clothing,Carol P.
"Exceeded all my expectations! The build quality is phenomenal and the packaging was pristine.",Electronics,David L.
"It's okay, nothing special. The colour is slightly different from the photos but functional.",Home & Garden,Eve R.
"Absolute garbage. Stopped working after two days. Total waste of money.",Electronics,Frank A.
"I love this product so much. It has transformed my daily routine and I recommend it to everyone.",Beauty,Grace K.
"Average product. Does what it says but feels a bit cheap for the price.",Sports,Henry B.
"DO NOT BUY. Fake product, not as described. Asked for a refund immediately.",Clothing,Isla J.
"Fantastic value for money. The features are top-notch and the customer support was brilliant.",Electronics,Jack O.
"Decent enough for casual use. I wouldn't call it premium but it's solid for the price.",Books,Karen S.
"Worst purchase of my life. Item was damaged, smelled bad, and looked nothing like the images.",Home & Garden,Liam C.
"Beautifully crafted and incredibly comfortable. This is now my favourite item in my wardrobe.",Clothing,Mia D.
"Just average. It does what it advertises but I was expecting something more innovative.",Beauty,Noah F.
"Great product but the delivery took three weeks which was very frustrating.",Electronics,Olivia G.
"Exceptional quality and the seller was very responsive to my questions. Five stars!",Sports,Patrick H.
"The product is fine but the instructions are completely useless and poorly written.",Home & Garden,Quinn I.
"I am blown away by the performance of this device. It's faster and smoother than expected.",Electronics,Rachel J.
"Not bad but not great either. It does the job without any real wow factor.",Clothing,Sam K.
"Absolutely dreadful. The zipper broke on first use and the material feels like cardboard.",Clothing,Tina L.
"Superb item, arrived well packed and exactly as described. Happy customer!",Books,Uma M.
"Mediocre at best. The colours fade quickly after a single wash.",Clothing,Victor N.
"Outstanding product! Highly recommend for anyone looking for reliable quality.",Electronics,Wendy O.
"The product works fine but the plastic casing cracks very easily with normal use.",Sports,Xander P.
"I've tried many similar products and this is by far the best one on the market.",Beauty,Yasmine Q.
"Honestly quite disappointing. Expected much better based on the reviews.",Home & Garden,Zach R.
"Incredible experience from start to finish. Will definitely be a returning customer.",Electronics,Amy S.
"Neutral on this. It is functional but looks cheap and feels flimsy.",Books,Brian T.
"Very poor quality. Fell apart after one week. The seller won't respond to messages.",Clothing,Cara U.
"A solid product with good build quality. I've been using it daily for months without issues.",Sports,Derek V.
"The taste is strange and the smell is off-putting. Not what I expected from this brand.",Beauty,Ella W.
"Received a completely wrong item. The return process was a nightmare.",Home & Garden,Felix X.
"Brilliant! Exactly what I was looking for and arrived ahead of schedule.",Electronics,Gina Y.
"It's alright. Nothing I'd rave about but nothing terrible either.",Books,Hank Z.
"Horrific customer service. Ignored three emails and the product is defective.",Clothing,Iris A.
"Great price for what you get. Solid performance and durable build.",Sports,Jake B.
"The product is decent but the sizing runs very small. Check the size guide before ordering.",Clothing,Kira C.
"One of the best purchases I have ever made. The quality is simply outstanding.",Electronics,Leo D.
"Somewhat useful but the battery life is nowhere near what was advertised.",Electronics,Maya E.
"Absolutely love it! Beautifully designed and works perfectly right out of the box.",Beauty,Nick F.
"Not impressed at all. The material is rough and irritates the skin.",Clothing,Olivia G.
"Decent product, does what it says. Good value for money at this price point.",Home & Garden,Paul H.
"Very satisfied with this purchase. Will recommend to all my friends.",Books,Quinn I.
"The product is okay but arrived with a small dent. Packaging needs improvement.",Electronics,Rita J.
"Amazing quality and super fast delivery! This brand never disappoints.",Beauty,Steve K.
"Functional but boring design. Could use a major aesthetic overhaul.",Sports,Tammy L.
"I regret this purchase. The product is low quality and the seller was rude.",Clothing,Uriah M.
"Fantastic! Sturdy, well-made, and performs exactly as promised. Highly recommend.",Electronics,Violet N.
"It is what it is — a basic product that meets minimal requirements. Nothing more.",Home & Garden,Walter O.
"Delighted with this purchase! The craftsmanship is superb and it looks even better in person.",Beauty,Xena P.
